old_path,new_path,old_filename,new_filename
Resources/Maps/map-competitor-landscape.md,atlas/map-competitor-landscape_20250415145843.md,map-competitor-landscape.md,map-competitor-landscape_20250415145843.md
Resources/Maps/mind-map-service-model.md,atlas/mind-map-service-model.md,mind-map-service-model.md,mind-map-service-model.md
Resources/Maps/map-strategic-planning.md,atlas/map-strategic-planning_20250415145843.md,map-strategic-planning.md,map-strategic-planning_20250415145843.md
